=== MACRO SNAPSHOT ===,Report Date: 2026-06-05,Report Time: 12:09:32
Indicator,Value
Nifty 50,"23,417"
Sensex,"74,360"
RBI Rate,5.25%
India VIX,16.5
GDP Growth,6.5-7% (FY26-27E)
FII Stance,Net Sellers
DII Stance,Net Buyers
Top Sectors,"Defence, Capital Goods, IT, Pharma, Banking, Consumption"

=== MASTER OPPORTUNITY TABLE ===
Stock,Ticker,Sector,CMP (Rs),Fair Value (Rs),Upside,Horizon,Conviction (1-10),Key Catalysts,Key Risks
HAL,NSE:HAL,Defence & Aerospace,3800,5000,32%,2-3 yr,9,"Tejas MkI-A (83 jets), HTT-40, MRO expansion, Rs94K cr order book","Execution delays, premium valuation"
ICICI Bank,NSE:ICICIBANK,Private Banking,1185,1650,39%,2-3 yr,9,"NII growth, retail lending, digital (iMobile 15M users)","NPA spike, credit cycle reversal"
Bajaj Finance,NSE:BAJFINANCE,NBFC,890,1250,40%,2-3 yr,8,"AUM Rs4.16L cr, 101M customers, Bajaj Housing Finance unlock","RBI regulation tightening, competition"
Dixon Technologies,NSE:DIXON,Electronics / PLI,10489,15000,43%,2-3 yr,8,"PLI electronics, Apple supply chain, Rs50K cr revenue target FY28","Client concentration, margin pressure"
Polycab India,NSE:POLYCAB,Cables & Wires,4800,6500,35%,2 yr,8,"Real estate/infra upcycle, FMEG scaling, export opportunity","Raw material cost volatility, competition"
Kaynes Technology,NSE:KAYN,ESDM / Defence Electronics,4200,6000,43%,2-3 yr,8,"33% FY26 revenue growth, defence + EV + industrial, new plant ramp","Execution risk, working capital intensity"
Trent Ltd,NSE:TRENT,Retail / Consumer Disc.,5000,7000,40%,2-3 yr,8,"Zudio 600+ stores, same-store sales +15-18%, Tata Group backing","Macro slowdown, fast-fashion competition"
L&T,NSE:LT,Engineering & Infra,3500,4500,29%,2 yr,8,"Rs5.6L cr order book, data centres, green hydrogen, nuclear","Order execution delays, global capex cycle"
Zomato,NSE:ZOMATO,Quick Commerce / Tech,210,310,48%,2 yr,7,"Blinkit GMV doubling, Hyperpure B2B, District events platform","Competitive intensity (Swiggy Instamart), burn rate"
Bharti Airtel,NSE:BHARTIARTL,Telecom,1680,2200,31%,2 yr,8,"ARPU Rs208 to Rs300+ target, 5G monetisation, Africa EBITDA $600M+","Regulatory risk, tariff caps"
SBI,NSE:SBIN,PSU Banking,810,1100,36%,2 yr,7,"Loan growth, dividend yield 2.5%, cheap P/B valuation","SME asset quality, political interference risk"
Clean Science & Tech,NSE:CLEANSCIENCE,Specialty Chemicals,1200,1800,50%,3 yr,7,"China+1, MEHQ/BHA niche leader 30-45% global share, new molecules","Pricing pressure, capex ramp-up period"
Ion Exchange India,NSE:IONEXCHANG,Water Treatment,550,950,73%,3 yr,7,"Jal Jeevan Mission, industrial water treatment, semiconductor fab orders","Order concentration, long project cycles"
CDSL,NSE:CDSL,Financial Infrastructure,1450,2000,38%,2 yr,8,"160M+ demat accounts, SIP boom, asset-light 80%+ margins",Capital market downturn reduces volumes
BEL,NSE:BEL,Defence Electronics,290,420,45%,2-3 yr,8,"Rs75K cr order book, EW systems, radars, avionics, MoD preferred vendor","PSU execution pace, government budget cuts"
Nesco Ltd,NSE:NESCO,IT Parks / MICE,850,1400,65%,3 yr,7,"MICE monopoly (Bombay Exhibition Centre), IT park expansion, zero debt","Mumbai infra bottleneck, MICE demand cyclicality"

=== A. TOP 5 LONG-TERM COMPOUNDERS (3-5 Years) ===
Stock,Ticker,Sector,CMP (Rs),Entry Zone,Add-on Zone,Stop Loss (Rs),Target 1 (Rs),Target 2 (Rs),Target 3 (Rs),Expected CAGR / Return,Horizon,Success Probability (%),Investment Thesis
HAL,NSE:HAL,Defence,3800,3600-3900,3200-3400,3100,4500,5000,6500,22-28%,3-5 yr,82,Largest defence PSU; Tejas/HTT-40 orders; 820+ aircraft pipeline; net cash; 3-yr ROE 26%
ICICI Bank,NSE:ICICIBANK,Banking,1185,1140-1200,1050-1100,990,1450,1650,2000,18-22%,3-5 yr,85,"India's cleanest private bank; ROA 2.4%, ROE 18%; gaining market share; digital moat"
Dixon Technologies,NSE:DIXON,Electronics/PLI,10489,9500-10800,8000-8500,7500,13500,17000,22000,25-30%,3-5 yr,75,India's #1 contract electronics mfr; Apple supply chain entry; Rs50K cr revenue target FY28
Bajaj Finance,NSE:BAJFINANCE,NBFC,890,850-920,750-800,700,1100,1250,1600,20-25%,3-5 yr,80,AUM Rs4.16L cr; 101M customers; OPM 66%; Bajaj Housing Finance valuation unlock
Trent Ltd,NSE:TRENT,Retail,5000,4700-5200,4000-4400,3700,6200,7000,9000,22-27%,3-5 yr,78,Zudio fastest-growing value fashion brand; 600+ stores; SSSG 15-18%; Tata Group backing

=== B. TOP 5 GROWTH STOCKS (1-3 Years) ===
Stock,Ticker,Sector,CMP (Rs),Entry Zone,Add-on Zone,Stop Loss (Rs),Target 1 (Rs),Target 2 (Rs),Target 3 (Rs),Expected CAGR / Return,Horizon,Success Probability (%),Investment Thesis
Bharti Airtel,NSE:BHARTIARTL,Telecom,1680,1600-1720,1450,1320,2000,2200,2700,18-22%,1-3 yr,80,ARPU Rs208 to Rs300+ target; 5G monetisation; Africa EBITDA $600M+; ICICI Direct BUY
Polycab India,NSE:POLYCAB,Cables & Wires,4800,4600-5000,4000-4200,3700,5800,6500,8000,20-25%,1-3 yr,78,Market leader wires/cables; FMEG scaling to Rs5K cr; real estate + infra upcycle
Zomato,NSE:ZOMATO,Quick Commerce,210,195-220,165-180,148,265,310,400,25-35%,1-3 yr,72,Blinkit GMV doubling YoY; moving to FCF positive; 500M smartphone user TAM
L&T,NSE:LT,Engineering & Infra,3500,3300-3600,3000-3100,2750,4000,4500,5500,16-20%,1-3 yr,82,Rs5.6L cr order book record; data centres + green hydrogen; 8-10 yr visibility
CDSL,NSE:CDSL,Financial Infra,1450,1350-1500,1150-1250,1050,1800,2000,2500,20-25%,1-3 yr,78,160M+ demat accounts; 20M new/year; SIP boom; 80%+ margins; zero capex model

=== C. TOP 5 SWING TRADES (1-3 Months) ===
Stock,Ticker,Sector,CMP (Rs),Entry Zone,Add-on Zone,Stop Loss (Rs),Target 1 (Rs),Target 2 (Rs),Target 3 (Rs),Expected CAGR / Return,Horizon,Success Probability (%),Investment Thesis
ICICI Bank,NSE:ICICIBANK,Banking,1185,1160-1190,--,1110,1320,1380,--,10-16% (6-8 wks),1-2 months,72,"Bounced off 50-DMA (Rs1,165); bullish reversal candle; deep liquidity"
HAL,NSE:HAL,Defence,3800,3600-3800,--,3320,4200,4500,--,12-18% (8-10 wks),2-3 months,70,"RSI ~42 approaching oversold; near 52-wk low support Rs3,400-3,500"
Reliance Industries,NSE:RELIANCE,Conglomerate,1335,1310-1360,--,1240,1520,1600,--,12-18% (8-12 wks),2-3 months,68,"Consolidating at Rs1,300-1,400 base; Jio IPO news-flow catalyst; massive liquidity"
SBI,NSE:SBIN,PSU Banking,810,790-820,--,740,920,980,--,14-20% (10-12 wks),2-3 months,70,Cheap P/B 1.1x; dividend yield 2.5%; DII buying support; Q1 FY27 rebound play
Dixon Technologies,NSE:DIXON,Electronics/PLI,10489,9800-10600,--,8800,12500,13500,--,20-28% (8-12 wks),2-3 months,65,Down 34% from peak; institutional bottom-fishing; PLI policy unchanged; reversal candle

=== D. TOP 5 SMALL/MID-CAP MULTIBAGGER CANDIDATES ===
Stock,Ticker,Sector,CMP (Rs),Entry Zone,Add-on Zone,Stop Loss (Rs),Target 1 (Rs),Target 2 (Rs),Target 3 (Rs),Expected CAGR / Return,Horizon,Success Probability (%),Investment Thesis
Kaynes Technology,NSE:KAYN,ESDM / Defence Electronics,4200,3900-4400,3400-3600,3000,5200,6000,8500,28-35%,2-4 yr,72,"FY26 revenue Rs3,626 cr (+33%); defence + EV + industrial; 21 analysts avg target Rs4,514"
Ion Exchange India,NSE:IONEXCHANG,Water Treatment,550,500-580,420-460,380,720,950,1400,30-40%,3-4 yr,70,Jal Jeevan Mission + industrial water treatment; zero debt; ROE >18%; 73% upside analyst target
Clean Science & Tech,NSE:CLEANSCIENCE,Specialty Chemicals,1200,1100-1260,950-1020,870,1600,1800,2500,25-35%,3-4 yr,68,Global niche leader MEHQ/BHA (30-45% market share); ROCE >35%; debt-free; China+1 beneficiary
BEL,NSE:BEL,Defence Electronics,290,270-300,240-255,215,360,420,560,22-28%,2-3 yr,78,Rs75K cr order book; EW systems/radars/avionics; Navaratna PSU; revenue CAGR 15-20%
Nesco Ltd,NSE:NESCO,IT Parks / MICE,850,800-880,680-720,600,1100,1400,1900,28-35%,3-4 yr,70,Mumbai MICE monopoly; IT park fully leased; zero debt; FCF generating; P/E ~18x -- deeply undervalued

=== PORTFOLIO CONSTRUCTION (Rs10 LAKH EACH) ===
--- CONSERVATIVE PORTFOLIO ---,Target CAGR: 16-19%,Max Drawdown: 15-20%,"Large-cap quality, low volatility, strong dividends and moats"
Stock,Ticker,Allocation (%),Amount (Rs),Rationale
ICICI Bank,NSE:ICICIBANK,25,250000,Safest large private bank; consistent compounder
Bharti Airtel,NSE:BHARTIARTL,20,200000,Telecom monopoly; ARPU upcycle; Africa kicker
L&T,NSE:LT,20,200000,Order book visibility; infrastructure proxy
Polycab India,NSE:POLYCAB,20,200000,Infra play; predictable earnings; dividend
SBI,NSE:SBIN,15,150000,Cheap valuation; PSU re-rating candidate

--- BALANCED PORTFOLIO ---,Target CAGR: 20-25%,Max Drawdown: 22-28%,Mix of large-cap compounders + quality mid-caps
Stock,Ticker,Allocation (%),Amount (Rs),Rationale
HAL,NSE:HAL,20,200000,Defence compounder near 52-wk low
ICICI Bank,NSE:ICICIBANK,18,180000,Core banking holding
Dixon Technologies,NSE:DIXON,17,170000,PLI electronics champion
Bajaj Finance,NSE:BAJFINANCE,15,150000,NBFC leader; digital lending moat
CDSL,NSE:CDSL,15,150000,Capital market infra; asset-light
Kaynes Technology,NSE:KAYN,15,150000,High-growth ESDM; defence electronics

--- AGGRESSIVE PORTFOLIO ---,Target CAGR: 28-38%,Max Drawdown: 30-40%,High-conviction mid/small caps + growth stocks
Stock,Ticker,Allocation (%),Amount (Rs),Rationale
Kaynes Technology,NSE:KAYN,20,200000,Defence + EV electronics; 33% revenue growth
Zomato,NSE:ZOMATO,18,180000,Quick commerce scale; Blinkit inflection
Trent,NSE:TRENT,17,170000,Zudio -- fastest growing value retailer
Ion Exchange India,NSE:IONEXCHANG,15,150000,Water infra; 73% analyst upside; zero debt
Clean Science,NSE:CLEANSCIENCE,15,150000,Specialty chem; China+1; ROCE >35%
Nesco Ltd,NSE:NESCO,15,150000,Deeply undervalued MICE monopoly; FCF rich

=== KEY RISKS ===
Risk Factor,Severity,Description
RBI Policy Surprise,High,Any rate hike would hit NBFCs and rate-sensitive sectors
US Recession / Global Slowdown,Medium,IT exports and commodity stocks most exposed
FII Continued Selling,Medium,Rupee weakness compounds valuation headwinds
Defence Execution Delays,Medium,HAL/BEL order-to-revenue conversion has historically lagged
Premium Valuation Risk,Medium,"Dixon, Kaynes still trade at elevated P/E; earnings must deliver"
China Re-entry,Low,Any reversal of China+1 hurts specialty chemicals
India VIX Spike,Medium,Current 16.5 could move to 22-25 on global risk-off; hold cash buffer
